,inadimplente_0,inadimplente_1
0,20001,1
1,20002,1
2,20003,1
3,20004,1
4,20005,0
5,20006,1
6,20007,1
7,20008,1
8,20009,1
9,20010,1
10,20011,1
11,20012,0
12,20013,0
13,20014,1
14,20015,0
15,20016,1
16,20017,0
17,20018,0
18,20019,0
19,20020,0
20,20021,1
21,20022,0
22,20023,1
23,20024,0
24,20025,1
25,20026,0
26,20027,0
27,20028,0
28,20029,0
29,20030,1
30,20031,0
31,20032,0
32,20033,1
33,20034,0
34,20035,0
35,20036,0
36,20037,0
37,20038,1
38,20039,0
39,20040,0
40,20041,0
41,20042,1
42,20043,1
43,20044,1
44,20045,1
45,20046,0
46,20047,1
47,20048,1
48,20049,0
49,20050,0
50,20051,1
51,20052,0
52,20053,0
53,20054,1
54,20055,0
55,20056,0
56,20057,1
57,20058,1
58,20059,0
59,20060,0
60,20061,1
61,20062,0
62,20063,0
63,20064,1
64,20065,1
65,20066,0
66,20067,0
67,20068,1
68,20069,1
69,20070,1
70,20071,0
71,20072,0
72,20073,0
73,20074,1
74,20075,1
75,20076,1
76,20077,1
77,20078,0
78,20079,1
79,20080,1
80,20081,0
81,20082,0
82,20083,1
83,20084,0
84,20085,1
85,20086,1
86,20087,0
87,20088,1
88,20089,1
89,20090,1
90,20091,0
91,20092,1
92,20093,1
93,20094,1
94,20095,1
95,20096,1
96,20097,0
97,20098,1
98,20099,0
99,20100,1
100,20101,1
101,20102,0
102,20103,0
103,20104,1
104,20105,0
105,20106,1
106,20107,0
107,20108,0
108,20109,0
109,20110,0
110,20111,1
111,20112,1
112,20113,0
113,20114,0
114,20115,0
115,20116,0
116,20117,0
117,20118,0
118,20119,0
119,20120,0
120,20121,0
121,20122,0
122,20123,0
123,20124,0
124,20125,1
125,20126,0
126,20127,1
127,20128,0
128,20129,1
129,20130,0
130,20131,1
131,20132,1
132,20133,1
133,20134,0
134,20135,1
135,20136,0
136,20137,0
137,20138,1
138,20139,1
139,20140,1
140,20141,0
141,20142,0
142,20143,1
143,20144,0
144,20145,0
145,20146,0
146,20147,1
147,20148,1
148,20149,0
149,20150,1
150,20151,0
151,20152,0
152,20153,1
153,20154,0
154,20155,1
155,20156,0
156,20157,1
157,20158,0
158,20159,0
159,20160,1
160,20161,0
161,20162,0
162,20163,1
163,20164,1
164,20165,0
165,20166,1
166,20167,0
167,20168,0
168,20169,1
169,20170,1
170,20171,1
171,20172,1
172,20173,0
173,20174,0
174,20175,0
175,20176,1
176,20177,1
177,20178,0
178,20179,0
179,20180,0
180,20181,1
181,20182,0
182,20183,0
183,20184,1
184,20185,1
185,20186,1
186,20187,0
187,20188,1
188,20189,1
189,20190,0
190,20191,1
191,20192,1
192,20193,1
193,20194,0
194,20195,1
195,20196,1
196,20197,1
197,20198,0
198,20199,0
199,20200,0
200,20201,0
201,20202,1
202,20203,0
203,20204,0
204,20205,0
205,20206,0
206,20207,0
207,20208,1
208,20209,0
209,20210,0
210,20211,0
211,20212,0
212,20213,0
213,20214,0
214,20215,0
215,20216,0
216,20217,0
217,20218,1
218,20219,0
219,20220,0
220,20221,1
221,20222,1
222,20223,0
223,20224,1
224,20225,1
225,20226,0
226,20227,0
227,20228,0
228,20229,1
229,20230,0
230,20231,0
231,20232,1
232,20233,0
233,20234,1
234,20235,0
235,20236,0
236,20237,0
237,20238,1
238,20239,0
239,20240,1
240,20241,0
241,20242,1
242,20243,1
243,20244,1
244,20245,0
245,20246,1
246,20247,0
247,20248,0
248,20249,1
249,20250,0
250,20251,1
251,20252,1
252,20253,1
253,20254,0
254,20255,0
255,20256,1
256,20257,1
257,20258,0
258,20259,0
259,20260,0
260,20261,0
261,20262,0
262,20263,1
263,20264,0
264,20265,0
265,20266,1
266,20267,0
267,20268,1
268,20269,1
269,20270,1
270,20271,0
271,20272,1
272,20273,1
273,20274,0
274,20275,0
275,20276,1
276,20277,0
277,20278,1
278,20279,0
279,20280,1
280,20281,1
281,20282,0
282,20283,1
283,20284,1
284,20285,1
285,20286,1
286,20287,0
287,20288,1
288,20289,1
289,20290,0
290,20291,0
291,20292,1
292,20293,1
293,20294,0
294,20295,0
295,20296,1
296,20297,0
297,20298,0
298,20299,0
299,20300,0
300,20301,0
301,20302,1
302,20303,0
303,20304,1
304,20305,1
305,20306,1
306,20307,0
307,20308,1
308,20309,0
309,20310,0
310,20311,0
311,20312,1
312,20313,1
313,20314,0
314,20315,0
315,20316,1
316,20317,1
317,20318,1
318,20319,1
319,20320,0
320,20321,1
321,20322,0
322,20323,1
323,20324,1
324,20325,0
325,20326,1
326,20327,0
327,20328,0
328,20329,1
329,20330,0
330,20331,1
331,20332,0
332,20333,0
333,20334,0
334,20335,0
335,20336,0
336,20337,0
337,20338,0
338,20339,0
339,20340,0
340,20341,0
341,20342,1
342,20343,0
343,20344,0
344,20345,0
345,20346,0
346,20347,1
347,20348,1
348,20349,1
349,20350,0
350,20351,0
351,20352,0
352,20353,0
353,20354,1
354,20355,0
355,20356,0
356,20357,1
357,20358,0
358,20359,1
359,20360,0
360,20361,1
361,20362,0
362,20363,1
363,20364,1
364,20365,0
365,20366,1
366,20367,1
367,20368,0
368,20369,0
369,20370,1
370,20371,0
371,20372,1
372,20373,0
373,20374,0
374,20375,0
375,20376,0
376,20377,0
377,20378,1
378,20379,1
379,20380,1
380,20381,1
381,20382,1
382,20383,1
383,20384,1
384,20385,1
385,20386,0
386,20387,0
387,20388,1
388,20389,0
389,20390,1
390,20391,1
391,20392,0
392,20393,1
393,20394,1
394,20395,0
395,20396,0
396,20397,0
397,20398,0
398,20399,1
399,20400,0
400,20401,0
401,20402,1
402,20403,0
403,20404,1
404,20405,1
405,20406,0
406,20407,0
407,20408,0
408,20409,0
409,20410,0
410,20411,0
411,20412,0
412,20413,0
413,20414,0
414,20415,1
415,20416,0
416,20417,0
417,20418,1
418,20419,0
419,20420,1
420,20421,0
421,20422,0
422,20423,1
423,20424,0
424,20425,0
425,20426,1
426,20427,1
427,20428,0
428,20429,1
429,20430,1
430,20431,1
431,20432,0
432,20433,1
433,20434,0
434,20435,0
435,20436,1
436,20437,1
437,20438,1
438,20439,0
439,20440,1
440,20441,0
441,20442,1
442,20443,0
443,20444,0
444,20445,1
445,20446,1
446,20447,0
447,20448,0
448,20449,0
449,20450,0
450,20451,0
451,20452,0
452,20453,0
453,20454,0
454,20455,1
455,20456,0
456,20457,1
457,20458,1
458,20459,1
459,20460,1
460,20461,0
461,20462,0
462,20463,1
463,20464,0
464,20465,1
465,20466,0
466,20467,1
467,20468,0
468,20469,1
469,20470,1
470,20471,0
471,20472,0
472,20473,0
473,20474,0
474,20475,0
475,20476,0
476,20477,1
477,20478,0
478,20479,0
479,20480,0
480,20481,1
481,20482,0
482,20483,1
483,20484,0
484,20485,1
485,20486,0
486,20487,0
487,20488,1
488,20489,0
489,20490,1
490,20491,0
491,20492,1
492,20493,1
493,20494,1
494,20495,0
495,20496,0
496,20497,0
497,20498,0
498,20499,0
499,20500,0
500,20501,1
501,20502,1
502,20503,1
503,20504,1
504,20505,1
505,20506,1
506,20507,1
507,20508,0
508,20509,0
509,20510,1
510,20511,1
511,20512,1
512,20513,0
513,20514,1
514,20515,1
515,20516,0
516,20517,1
517,20518,0
518,20519,1
519,20520,0
520,20521,1
521,20522,0
522,20523,1
523,20524,1
524,20525,0
525,20526,0
526,20527,1
527,20528,0
528,20529,1
529,20530,0
530,20531,1
531,20532,0
532,20533,0
533,20534,1
534,20535,0
535,20536,1
536,20537,1
537,20538,1
538,20539,0
539,20540,1
540,20541,0
541,20542,0
542,20543,0
543,20544,0
544,20545,0
545,20546,1
546,20547,1
547,20548,0
548,20549,0
549,20550,1
550,20551,1
551,20552,0
552,20553,1
553,20554,0
554,20555,0
555,20556,0
556,20557,1
557,20558,1
558,20559,1
559,20560,0
560,20561,1
561,20562,0
562,20563,0
563,20564,0
564,20565,0
565,20566,0
566,20567,0
567,20568,0
568,20569,0
569,20570,0
570,20571,1
571,20572,0
572,20573,1
573,20574,1
574,20575,1
575,20576,1
576,20577,1
577,20578,1
578,20579,0
579,20580,0
580,20581,0
581,20582,0
582,20583,0
583,20584,1
584,20585,0
585,20586,0
586,20587,1
587,20588,1
588,20589,0
589,20590,0
590,20591,0
591,20592,0
592,20593,0
593,20594,0
594,20595,0
595,20596,0
596,20597,0
597,20598,1
598,20599,0
599,20600,0
600,20601,1
601,20602,1
602,20603,1
603,20604,0
604,20605,0
605,20606,1
606,20607,0
607,20608,1
608,20609,0
609,20610,0
610,20611,1
611,20612,0
612,20613,1
613,20614,1
614,20615,0
615,20616,0
616,20617,1
617,20618,1
618,20619,0
619,20620,1
620,20621,1
621,20622,1
622,20623,1
623,20624,1
624,20625,1
625,20626,1
626,20627,0
627,20628,1
628,20629,1
629,20630,1
630,20631,0
631,20632,0
632,20633,1
633,20634,1
634,20635,0
635,20636,1
636,20637,1
637,20638,1
638,20639,0
639,20640,0
640,20641,0
641,20642,1
642,20643,1
643,20644,1
644,20645,1
645,20646,1
646,20647,0
647,20648,0
648,20649,0
649,20650,1
650,20651,1
651,20652,0
652,20653,0
653,20654,0
654,20655,1
655,20656,0
656,20657,1
657,20658,1
658,20659,0
659,20660,1
660,20661,0
661,20662,0
662,20663,1
663,20664,0
664,20665,0
665,20666,1
666,20667,0
667,20668,0
668,20669,1
669,20670,0
670,20671,1
671,20672,1
672,20673,0
673,20674,0
674,20675,0
675,20676,0
676,20677,0
677,20678,0
678,20679,0
679,20680,0
680,20681,1
681,20682,1
682,20683,0
683,20684,0
684,20685,0
685,20686,1
686,20687,0
687,20688,1
688,20689,0
689,20690,1
690,20691,1
691,20692,1
692,20693,0
693,20694,0
694,20695,0
695,20696,0
696,20697,0
697,20698,1
698,20699,1
699,20700,1
700,20701,1
701,20702,0
702,20703,1
703,20704,1
704,20705,1
705,20706,1
706,20707,0
707,20708,1
708,20709,0
709,20710,1
710,20711,0
711,20712,0
712,20713,1
713,20714,0
714,20715,1
715,20716,1
716,20717,0
717,20718,1
718,20719,1
719,20720,0
720,20721,0
721,20722,0
722,20723,1
723,20724,0
724,20725,1
725,20726,0
726,20727,0
727,20728,0
728,20729,0
729,20730,0
730,20731,1
731,20732,0
732,20733,1
733,20734,1
734,20735,0
735,20736,0
736,20737,0
737,20738,1
738,20739,0
739,20740,1
740,20741,0
741,20742,0
742,20743,1
743,20744,0
744,20745,0
745,20746,0
746,20747,0
747,20748,1
748,20749,0
749,20750,0
750,20751,0
751,20752,1
752,20753,0
753,20754,0
754,20755,0
755,20756,1
756,20757,0
757,20758,0
758,20759,0
759,20760,0
760,20761,0
761,20762,1
762,20763,0
763,20764,1
764,20765,1
765,20766,0
766,20767,0
767,20768,0
768,20769,1
769,20770,0
770,20771,0
771,20772,1
772,20773,0
773,20774,0
774,20775,1
775,20776,0
776,20777,1
777,20778,1
778,20779,0
779,20780,0
780,20781,1
781,20782,0
782,20783,1
783,20784,1
784,20785,0
785,20786,1
786,20787,0
787,20788,1
788,20789,1
789,20790,0
790,20791,0
791,20792,1
792,20793,1
793,20794,1
794,20795,0
795,20796,0
796,20797,1
797,20798,1
798,20799,0
799,20800,0
800,20801,1
801,20802,1
802,20803,0
803,20804,1
804,20805,1
805,20806,1
806,20807,1
807,20808,1
808,20809,0
809,20810,0
810,20811,1
811,20812,0
812,20813,0
813,20814,0
814,20815,0
815,20816,0
816,20817,1
817,20818,0
818,20819,0
819,20820,1
820,20821,0
821,20822,0
822,20823,1
823,20824,0
824,20825,0
825,20826,1
826,20827,0
827,20828,0
828,20829,1
829,20830,0
830,20831,1
831,20832,1
832,20833,0
833,20834,0
834,20835,1
835,20836,0
836,20837,1
837,20838,1
838,20839,0
839,20840,0
840,20841,0
841,20842,0
842,20843,0
843,20844,0
844,20845,0
845,20846,1
846,20847,0
847,20848,0
848,20849,0
849,20850,1
850,20851,1
851,20852,1
852,20853,0
853,20854,0
854,20855,0
855,20856,1
856,20857,0
857,20858,0
858,20859,1
859,20860,0
860,20861,1
861,20862,0
862,20863,1
863,20864,1
864,20865,1
865,20866,1
866,20867,0
867,20868,0
868,20869,1
869,20870,0
870,20871,1
871,20872,0
872,20873,1
873,20874,1
874,20875,1
875,20876,0
876,20877,0
877,20878,1
878,20879,1
879,20880,1
880,20881,1
881,20882,0
882,20883,0
883,20884,1
884,20885,0
885,20886,1
886,20887,1
887,20888,1
888,20889,0
889,20890,0
890,20891,1
891,20892,1
892,20893,1
893,20894,0
894,20895,1
895,20896,0
896,20897,0
897,20898,0
898,20899,0
899,20900,0
900,20901,0
901,20902,1
902,20903,1
903,20904,0
904,20905,0
905,20906,0
906,20907,0
907,20908,0
908,20909,0
909,20910,0
910,20911,1
911,20912,1
912,20913,0
913,20914,1
914,20915,0
915,20916,0
916,20917,0
917,20918,0
918,20919,0
919,20920,0
920,20921,0
921,20922,0
922,20923,0
923,20924,0
924,20925,0
925,20926,1
926,20927,0
927,20928,0
928,20929,1
929,20930,0
930,20931,0
931,20932,0
932,20933,1
933,20934,1
934,20935,1
935,20936,1
936,20937,1
937,20938,0
938,20939,0
939,20940,1
940,20941,0
941,20942,1
942,20943,1
943,20944,1
944,20945,1
945,20946,0
946,20947,0
947,20948,0
948,20949,1
949,20950,1
950,20951,1
951,20952,1
952,20953,0
953,20954,1
954,20955,0
955,20956,1
956,20957,1
957,20958,0
958,20959,0
959,20960,1
960,20961,0
961,20962,1
962,20963,0
963,20964,0
964,20965,1
965,20966,1
966,20967,1
967,20968,0
968,20969,1
969,20970,0
970,20971,1
971,20972,1
972,20973,1
973,20974,0
974,20975,0
975,20976,1
976,20977,0
977,20978,0
978,20979,0
979,20980,0
980,20981,0
981,20982,1
982,20983,1
983,20984,0
984,20985,1
985,20986,1
986,20987,0
987,20988,0
988,20989,0
989,20990,0
990,20991,0
991,20992,1
992,20993,1
993,20994,0
994,20995,1
995,20996,1
996,20997,1
997,20998,0
998,20999,1
999,21000,1
1000,21001,1
1001,21002,0
1002,21003,0
1003,21004,1
1004,21005,1
1005,21006,1
1006,21007,1
1007,21008,0
1008,21009,0
1009,21010,1
1010,21011,0
1011,21012,1
1012,21013,0
1013,21014,1
1014,21015,1
1015,21016,0
1016,21017,1
1017,21018,0
1018,21019,0
1019,21020,1
1020,21021,1
1021,21022,1
1022,21023,0
1023,21024,1
1024,21025,1
1025,21026,0
1026,21027,1
1027,21028,0
1028,21029,1
1029,21030,0
1030,21031,0
1031,21032,1
1032,21033,1
1033,21034,0
1034,21035,1
1035,21036,1
1036,21037,1
1037,21038,0
1038,21039,0
1039,21040,0
1040,21041,1
1041,21042,1
1042,21043,0
1043,21044,1
1044,21045,1
1045,21046,1
1046,21047,1
1047,21048,1
1048,21049,0
1049,21050,1
1050,21051,0
1051,21052,1
1052,21053,1
1053,21054,1
1054,21055,1
1055,21056,1
1056,21057,0
1057,21058,0
1058,21059,0
1059,21060,1
1060,21061,1
1061,21062,1
1062,21063,1
1063,21064,0
1064,21065,1
1065,21066,1
1066,21067,0
1067,21068,1
1068,21069,0
1069,21070,0
1070,21071,0
1071,21072,1
1072,21073,1
1073,21074,1
1074,21075,1
1075,21076,1
1076,21077,1
1077,21078,1
1078,21079,1
1079,21080,1
1080,21081,0
1081,21082,0
1082,21083,0
1083,21084,0
1084,21085,0
1085,21086,1
1086,21087,1
1087,21088,0
1088,21089,0
1089,21090,1
1090,21091,0
1091,21092,1
1092,21093,0
1093,21094,0
1094,21095,0
1095,21096,1
1096,21097,0
1097,21098,1
1098,21099,0
1099,21100,0
1100,21101,1
1101,21102,1
1102,21103,0
1103,21104,1
1104,21105,0
1105,21106,0
1106,21107,1
1107,21108,0
1108,21109,0
1109,21110,0
1110,21111,0
1111,21112,1
1112,21113,1
1113,21114,0
1114,21115,0
1115,21116,1
1116,21117,0
1117,21118,1
1118,21119,1
1119,21120,1
1120,21121,1
1121,21122,1
1122,21123,0
1123,21124,1
1124,21125,1
1125,21126,0
1126,21127,0
1127,21128,1
1128,21129,1
1129,21130,0
1130,21131,1
1131,21132,0
1132,21133,1
1133,21134,1
1134,21135,1
1135,21136,0
1136,21137,0
1137,21138,1
1138,21139,1
1139,21140,0
1140,21141,1
1141,21142,1
1142,21143,0
1143,21144,0
1144,21145,0
1145,21146,0
1146,21147,1
1147,21148,1
1148,21149,1
1149,21150,0
1150,21151,1
1151,21152,0
1152,21153,0
1153,21154,1
1154,21155,1
1155,21156,0
1156,21157,0
1157,21158,0
1158,21159,1
1159,21160,1
1160,21161,0
1161,21162,1
1162,21163,0
1163,21164,0
1164,21165,1
1165,21166,1
1166,21167,1
1167,21168,1
1168,21169,0
1169,21170,0
1170,21171,0
1171,21172,0
1172,21173,0
1173,21174,1
1174,21175,0
1175,21176,1
1176,21177,1
1177,21178,1
1178,21179,0
1179,21180,1
1180,21181,0
1181,21182,0
1182,21183,0
1183,21184,0
1184,21185,0
1185,21186,0
1186,21187,0
1187,21188,1
1188,21189,1
1189,21190,0
1190,21191,0
1191,21192,0
1192,21193,0
1193,21194,1
1194,21195,1
1195,21196,0
1196,21197,0
1197,21198,1
1198,21199,0
1199,21200,1
1200,21201,0
1201,21202,1
1202,21203,0
1203,21204,1
1204,21205,0
1205,21206,0
1206,21207,1
1207,21208,0
1208,21209,0
1209,21210,1
1210,21211,1
1211,21212,1
1212,21213,1
1213,21214,1
1214,21215,0
1215,21216,1
1216,21217,0
1217,21218,0
1218,21219,1
1219,21220,1
1220,21221,0
1221,21222,1
1222,21223,1
1223,21224,1
1224,21225,1
1225,21226,0
1226,21227,1
1227,21228,1
1228,21229,0
1229,21230,0
1230,21231,0
1231,21232,0
1232,21233,0
1233,21234,0
1234,21235,1
1235,21236,1
1236,21237,1
1237,21238,1
1238,21239,1
1239,21240,0
1240,21241,0
1241,21242,1
1242,21243,1
1243,21244,0
1244,21245,0
1245,21246,1
1246,21247,1
1247,21248,0
1248,21249,1
1249,21250,1
1250,21251,1
1251,21252,0
1252,21253,0
1253,21254,0
1254,21255,1
1255,21256,1
1256,21257,0
1257,21258,0
1258,21259,0
1259,21260,1
1260,21261,0
1261,21262,1
1262,21263,1
1263,21264,0
1264,21265,1
1265,21266,0
1266,21267,1
1267,21268,0
1268,21269,0
1269,21270,0
1270,21271,0
1271,21272,1
1272,21273,0
1273,21274,0
1274,21275,0
1275,21276,0
1276,21277,1
1277,21278,1
1278,21279,1
1279,21280,1
1280,21281,0
1281,21282,1
1282,21283,0
1283,21284,0
1284,21285,1
1285,21286,1
1286,21287,1
1287,21288,0
1288,21289,0
1289,21290,1
1290,21291,0
1291,21292,1
1292,21293,1
1293,21294,0
1294,21295,1
1295,21296,1
1296,21297,0
1297,21298,0
1298,21299,1
1299,21300,1
1300,21301,1
1301,21302,1
1302,21303,1
1303,21304,1
1304,21305,1
1305,21306,0
1306,21307,1
1307,21308,0
1308,21309,0
1309,21310,0
1310,21311,1
1311,21312,0
1312,21313,0
1313,21314,1
1314,21315,0
1315,21316,1
1316,21317,0
1317,21318,1
1318,21319,1
1319,21320,0
1320,21321,0
1321,21322,1
1322,21323,1
1323,21324,0
1324,21325,0
1325,21326,0
1326,21327,0
1327,21328,1
1328,21329,0
1329,21330,0
1330,21331,1
1331,21332,1
1332,21333,0
1333,21334,0
1334,21335,1
1335,21336,0
1336,21337,1
1337,21338,1
1338,21339,0
1339,21340,0
1340,21341,1
1341,21342,1
1342,21343,0
1343,21344,0
1344,21345,0
1345,21346,0
1346,21347,1
1347,21348,0
1348,21349,0
1349,21350,0
1350,21351,0
1351,21352,1
1352,21353,1
1353,21354,1
1354,21355,1
1355,21356,0
1356,21357,0
1357,21358,1
1358,21359,0
1359,21360,0
1360,21361,1
1361,21362,1
1362,21363,1
1363,21364,1
1364,21365,1
1365,21366,0
1366,21367,1
1367,21368,0
1368,21369,1
1369,21370,0
1370,21371,0
1371,21372,0
1372,21373,1
1373,21374,1
1374,21375,0
1375,21376,0
1376,21377,1
1377,21378,1
1378,21379,0
1379,21380,1
1380,21381,1
1381,21382,0
1382,21383,1
1383,21384,1
1384,21385,0
1385,21386,0
1386,21387,1
1387,21388,0
1388,21389,1
1389,21390,0
1390,21391,1
1391,21392,1
1392,21393,1
1393,21394,1
1394,21395,0
1395,21396,1
1396,21397,0
1397,21398,0
1398,21399,0
1399,21400,1
1400,21401,0
1401,21402,0
1402,21403,0
1403,21404,1
1404,21405,0
1405,21406,0
1406,21407,0
1407,21408,0
1408,21409,1
1409,21410,1
1410,21411,1
1411,21412,0
1412,21413,1
1413,21414,0
1414,21415,1
1415,21416,0
1416,21417,0
1417,21418,0
1418,21419,1
1419,21420,1
1420,21421,1
1421,21422,1
1422,21423,0
1423,21424,0
1424,21425,0
1425,21426,1
1426,21427,1
1427,21428,0
1428,21429,0
1429,21430,1
1430,21431,0
1431,21432,0
1432,21433,0
1433,21434,1
1434,21435,0
1435,21436,1
1436,21437,1
1437,21438,1
1438,21439,1
1439,21440,1
1440,21441,0
1441,21442,1
1442,21443,1
1443,21444,1
1444,21445,1
1445,21446,1
1446,21447,0
1447,21448,1
1448,21449,0
1449,21450,0
1450,21451,0
1451,21452,1
1452,21453,0
1453,21454,0
1454,21455,1
1455,21456,1
1456,21457,1
1457,21458,1
1458,21459,1
1459,21460,0
1460,21461,1
1461,21462,0
1462,21463,0
1463,21464,1
1464,21465,0
1465,21466,0
1466,21467,0
1467,21468,1
1468,21469,0
1469,21470,0
1470,21471,1
1471,21472,0
1472,21473,1
1473,21474,1
1474,21475,1
1475,21476,0
1476,21477,1
1477,21478,1
1478,21479,0
1479,21480,0
1480,21481,0
1481,21482,0
1482,21483,1
1483,21484,0
1484,21485,0
1485,21486,1
1486,21487,0
1487,21488,0
1488,21489,1
1489,21490,0
1490,21491,0
1491,21492,1
1492,21493,0
1493,21494,0
1494,21495,0
1495,21496,0
1496,21497,1
1497,21498,0
1498,21499,1
1499,21500,1
1500,21501,1
1501,21502,0
1502,21503,1
1503,21504,0
1504,21505,0
1505,21506,0
1506,21507,1
1507,21508,0
1508,21509,1
1509,21510,0
1510,21511,0
1511,21512,1
1512,21513,0
1513,21514,0
1514,21515,0
1515,21516,0
1516,21517,0
1517,21518,1
1518,21519,0
1519,21520,0
1520,21521,0
1521,21522,1
1522,21523,1
1523,21524,1
1524,21525,0
1525,21526,0
1526,21527,0
1527,21528,1
1528,21529,1
1529,21530,0
1530,21531,0
1531,21532,1
1532,21533,0
1533,21534,1
1534,21535,1
1535,21536,0
1536,21537,1
1537,21538,1
1538,21539,1
1539,21540,0
1540,21541,1
1541,21542,1
1542,21543,0
1543,21544,1
1544,21545,0
1545,21546,1
1546,21547,1
1547,21548,1
1548,21549,0
1549,21550,0
1550,21551,0
1551,21552,0
1552,21553,0
1553,21554,0
1554,21555,1
1555,21556,1
1556,21557,0
1557,21558,1
1558,21559,1
1559,21560,0
1560,21561,0
1561,21562,0
1562,21563,0
1563,21564,0
1564,21565,1
1565,21566,1
1566,21567,1
1567,21568,1
1568,21569,1
1569,21570,1
1570,21571,1
1571,21572,1
1572,21573,1
1573,21574,0
1574,21575,0
1575,21576,0
1576,21577,1
1577,21578,1
1578,21579,0
1579,21580,0
1580,21581,0
1581,21582,1
1582,21583,1
1583,21584,1
1584,21585,0
1585,21586,1
1586,21587,0
1587,21588,0
1588,21589,0
1589,21590,0
1590,21591,1
1591,21592,0
1592,21593,1
1593,21594,0
1594,21595,0
1595,21596,0
1596,21597,1
1597,21598,1
1598,21599,1
1599,21600,0
1600,21601,1
1601,21602,0
1602,21603,1
1603,21604,1
1604,21605,1
1605,21606,1
1606,21607,0
1607,21608,1
1608,21609,1
1609,21610,1
1610,21611,0
1611,21612,0
1612,21613,0
1613,21614,0
1614,21615,0
1615,21616,1
1616,21617,0
1617,21618,1
1618,21619,1
1619,21620,0
1620,21621,0
1621,21622,1
1622,21623,0
1623,21624,0
1624,21625,0
1625,21626,1
1626,21627,0
1627,21628,1
1628,21629,1
1629,21630,1
1630,21631,1
1631,21632,0
1632,21633,0
1633,21634,1
1634,21635,1
1635,21636,1
1636,21637,0
1637,21638,1
1638,21639,0
1639,21640,0
1640,21641,0
1641,21642,1
1642,21643,0
1643,21644,0
1644,21645,0
1645,21646,1
1646,21647,0
1647,21648,1
1648,21649,0
1649,21650,1
1650,21651,0
1651,21652,0
1652,21653,1
1653,21654,0
1654,21655,1
1655,21656,1
1656,21657,1
1657,21658,1
1658,21659,0
1659,21660,0
1660,21661,0
1661,21662,1
1662,21663,1
1663,21664,0
1664,21665,1
1665,21666,0
1666,21667,1
1667,21668,0
1668,21669,0
1669,21670,0
1670,21671,1
1671,21672,1
1672,21673,1
1673,21674,1
1674,21675,0
1675,21676,0
1676,21677,0
1677,21678,0
1678,21679,0
1679,21680,0
1680,21681,1
1681,21682,0
1682,21683,0
1683,21684,0
1684,21685,0
1685,21686,1
1686,21687,0
1687,21688,1
1688,21689,1
1689,21690,1
1690,21691,0
1691,21692,1
1692,21693,1
1693,21694,1
1694,21695,0
1695,21696,0
1696,21697,1
1697,21698,1
1698,21699,0
1699,21700,0
1700,21701,0
1701,21702,1
1702,21703,1
1703,21704,1
1704,21705,0
1705,21706,0
1706,21707,1
1707,21708,1
1708,21709,0
1709,21710,1
1710,21711,1
1711,21712,0
1712,21713,1
1713,21714,1
1714,21715,0
1715,21716,0
1716,21717,0
1717,21718,1
1718,21719,0
1719,21720,0
1720,21721,1
1721,21722,0
1722,21723,0
1723,21724,1
1724,21725,0
1725,21726,1
1726,21727,1
1727,21728,1
1728,21729,0
1729,21730,1
1730,21731,0
1731,21732,0
1732,21733,0
1733,21734,0
1734,21735,0
1735,21736,1
1736,21737,1
1737,21738,0
1738,21739,0
1739,21740,1
1740,21741,1
1741,21742,0
1742,21743,1
1743,21744,1
1744,21745,1
1745,21746,0
1746,21747,0
1747,21748,0
1748,21749,1
1749,21750,1
1750,21751,1
1751,21752,0
1752,21753,0
1753,21754,0
1754,21755,0
1755,21756,1
1756,21757,1
1757,21758,1
1758,21759,1
1759,21760,0
1760,21761,1
1761,21762,1
1762,21763,1
1763,21764,1
1764,21765,1
1765,21766,1
1766,21767,1
1767,21768,1
1768,21769,0
1769,21770,1
1770,21771,1
1771,21772,1
1772,21773,0
1773,21774,1
1774,21775,0
1775,21776,1
1776,21777,1
1777,21778,1
1778,21779,1
1779,21780,0
1780,21781,1
1781,21782,0
1782,21783,0
1783,21784,0
1784,21785,1
1785,21786,1
1786,21787,1
1787,21788,1
1788,21789,0
1789,21790,0
1790,21791,0
1791,21792,1
1792,21793,1
1793,21794,1
1794,21795,0
1795,21796,1
1796,21797,0
1797,21798,0
1798,21799,1
1799,21800,0
1800,21801,0
1801,21802,0
1802,21803,1
1803,21804,0
1804,21805,1
1805,21806,0
1806,21807,0
1807,21808,0
1808,21809,0
1809,21810,1
1810,21811,0
1811,21812,1
1812,21813,0
1813,21814,0
1814,21815,1
1815,21816,0
1816,21817,1
1817,21818,0
1818,21819,0
1819,21820,1
1820,21821,1
1821,21822,1
1822,21823,1
1823,21824,1
1824,21825,0
1825,21826,0
1826,21827,0
1827,21828,0
1828,21829,0
1829,21830,1
1830,21831,0
1831,21832,0
1832,21833,0
1833,21834,1
1834,21835,0
1835,21836,1
1836,21837,0
1837,21838,0
1838,21839,0
1839,21840,0
1840,21841,0
1841,21842,0
1842,21843,1
1843,21844,1
1844,21845,0
1845,21846,1
1846,21847,1
1847,21848,0
1848,21849,1
1849,21850,1
1850,21851,0
1851,21852,1
1852,21853,1
1853,21854,0
1854,21855,0
1855,21856,0
1856,21857,0
1857,21858,1
1858,21859,1
1859,21860,1
1860,21861,0
1861,21862,0
1862,21863,1
1863,21864,1
1864,21865,1
1865,21866,1
1866,21867,0
1867,21868,1
1868,21869,0
1869,21870,1
1870,21871,1
1871,21872,0
1872,21873,0
1873,21874,0
1874,21875,1
1875,21876,1
1876,21877,1
1877,21878,1
1878,21879,0
1879,21880,1
1880,21881,1
1881,21882,0
1882,21883,1
1883,21884,0
1884,21885,0
1885,21886,1
1886,21887,0
1887,21888,0
1888,21889,0
1889,21890,0
1890,21891,0
1891,21892,1
1892,21893,0
1893,21894,0
1894,21895,1
1895,21896,1
1896,21897,1
1897,21898,1
1898,21899,0
1899,21900,0
1900,21901,0
1901,21902,1
1902,21903,1
1903,21904,1
1904,21905,1
1905,21906,1
1906,21907,1
1907,21908,0
1908,21909,0
1909,21910,1
1910,21911,1
1911,21912,0
1912,21913,0
1913,21914,1
1914,21915,0
1915,21916,0
1916,21917,1
1917,21918,0
1918,21919,1
1919,21920,1
1920,21921,1
1921,21922,1
1922,21923,0
1923,21924,0
1924,21925,0
1925,21926,0
1926,21927,0
1927,21928,1
1928,21929,1
1929,21930,1
1930,21931,1
1931,21932,0
1932,21933,0
1933,21934,1
1934,21935,1
1935,21936,1
1936,21937,1
1937,21938,1
1938,21939,0
1939,21940,0
1940,21941,0
1941,21942,1
1942,21943,0
1943,21944,1
1944,21945,0
1945,21946,1
1946,21947,0
1947,21948,1
1948,21949,0
1949,21950,0
1950,21951,0
1951,21952,0
1952,21953,1
1953,21954,1
1954,21955,0
1955,21956,1
1956,21957,1
1957,21958,0
1958,21959,0
1959,21960,0
1960,21961,0
1961,21962,1
1962,21963,0
1963,21964,0
1964,21965,1
1965,21966,1
1966,21967,1
1967,21968,0
1968,21969,0
1969,21970,0
1970,21971,1
1971,21972,0
1972,21973,1
1973,21974,1
1974,21975,1
1975,21976,1
1976,21977,0
1977,21978,0
1978,21979,0
1979,21980,0
1980,21981,1
1981,21982,1
1982,21983,1
1983,21984,1
1984,21985,0
1985,21986,1
1986,21987,1
1987,21988,0
1988,21989,1
1989,21990,0
1990,21991,1
1991,21992,1
1992,21993,1
1993,21994,0
1994,21995,0
1995,21996,0
1996,21997,1
1997,21998,1
1998,21999,0
1999,22000,1
2000,22001,0
2001,22002,0
2002,22003,1
2003,22004,1
2004,22005,1
2005,22006,0
2006,22007,0
2007,22008,0
2008,22009,0
2009,22010,0
2010,22011,1
2011,22012,1
2012,22013,1
2013,22014,1
2014,22015,1
2015,22016,1
2016,22017,1
2017,22018,0
2018,22019,1
2019,22020,0
2020,22021,0
2021,22022,1
2022,22023,0
2023,22024,0
2024,22025,1
2025,22026,1
2026,22027,1
2027,22028,0
2028,22029,1
2029,22030,0
2030,22031,0
2031,22032,1
2032,22033,0
2033,22034,1
2034,22035,1
2035,22036,0
2036,22037,1
2037,22038,0
2038,22039,0
2039,22040,1
2040,22041,0
2041,22042,0
2042,22043,1
2043,22044,1
2044,22045,0
2045,22046,0
2046,22047,1
2047,22048,0
2048,22049,0
2049,22050,1
2050,22051,1
2051,22052,0
2052,22053,1
2053,22054,0
2054,22055,0
2055,22056,1
2056,22057,1
2057,22058,1
2058,22059,1
2059,22060,1
2060,22061,1
2061,22062,1
2062,22063,0
2063,22064,1
2064,22065,0
2065,22066,1
2066,22067,0
2067,22068,1
2068,22069,0
2069,22070,0
2070,22071,1
2071,22072,1
2072,22073,1
2073,22074,0
2074,22075,0
2075,22076,1
2076,22077,0
2077,22078,0
2078,22079,1
2079,22080,1
2080,22081,1
2081,22082,0
2082,22083,1
2083,22084,0
2084,22085,0
2085,22086,1
2086,22087,0
2087,22088,0
2088,22089,0
2089,22090,0
2090,22091,0
2091,22092,1
2092,22093,0
2093,22094,0
2094,22095,1
2095,22096,0
2096,22097,0
2097,22098,0
2098,22099,0
2099,22100,1
2100,22101,1
2101,22102,1
2102,22103,0
2103,22104,1
2104,22105,0
2105,22106,0
2106,22107,1
2107,22108,1
2108,22109,0
2109,22110,0
2110,22111,0
2111,22112,0
2112,22113,1
2113,22114,1
2114,22115,1
2115,22116,0
2116,22117,1
2117,22118,1
2118,22119,0
2119,22120,0
2120,22121,0
2121,22122,0
2122,22123,0
2123,22124,1
2124,22125,0
2125,22126,1
2126,22127,0
2127,22128,0
2128,22129,0
2129,22130,1
2130,22131,0
2131,22132,1
2132,22133,1
2133,22134,0
2134,22135,1
2135,22136,0
2136,22137,0
2137,22138,0
2138,22139,0
2139,22140,1
2140,22141,1
2141,22142,1
2142,22143,1
2143,22144,1
2144,22145,1
2145,22146,1
2146,22147,0
2147,22148,0
2148,22149,0
2149,22150,1
2150,22151,1
2151,22152,1
2152,22153,0
2153,22154,1
2154,22155,0
2155,22156,0
2156,22157,1
2157,22158,0
2158,22159,0
2159,22160,0
2160,22161,1
2161,22162,1
2162,22163,0
2163,22164,0
2164,22165,0
2165,22166,1
2166,22167,0
2167,22168,0
2168,22169,1
2169,22170,1
2170,22171,0
2171,22172,1
2172,22173,1
2173,22174,0
2174,22175,0
2175,22176,1
2176,22177,0
2177,22178,1
2178,22179,1
2179,22180,1
2180,22181,0
2181,22182,1
2182,22183,0
2183,22184,1
2184,22185,0
2185,22186,1
2186,22187,1
2187,22188,1
2188,22189,0
2189,22190,0
2190,22191,1
2191,22192,0
2192,22193,1
2193,22194,0
2194,22195,1
2195,22196,0
2196,22197,0
2197,22198,0
2198,22199,0
2199,22200,0
2200,22201,1
2201,22202,0
2202,22203,1
2203,22204,0
2204,22205,0
2205,22206,1
2206,22207,0
2207,22208,0
2208,22209,1
2209,22210,0
2210,22211,0
2211,22212,1
2212,22213,0
2213,22214,1
2214,22215,1
2215,22216,1
2216,22217,1
2217,22218,0
2218,22219,1
2219,22220,0
2220,22221,0
2221,22222,0
2222,22223,0
2223,22224,1
2224,22225,1
2225,22226,0
2226,22227,1
2227,22228,0
2228,22229,0
2229,22230,0
2230,22231,0
2231,22232,1
2232,22233,0
2233,22234,0
2234,22235,1
2235,22236,0
2236,22237,1
2237,22238,1
2238,22239,1
2239,22240,0
2240,22241,0
2241,22242,1
2242,22243,0
2243,22244,1
2244,22245,0
2245,22246,1
2246,22247,1
2247,22248,1
2248,22249,0
2249,22250,1
2250,22251,1
2251,22252,0
2252,22253,1
2253,22254,0
2254,22255,1
2255,22256,1
2256,22257,0
2257,22258,0
2258,22259,0
2259,22260,1
2260,22261,1
2261,22262,0
2262,22263,1
2263,22264,0
2264,22265,0
2265,22266,1
2266,22267,1
2267,22268,1
2268,22269,0
2269,22270,1
2270,22271,1
2271,22272,1
2272,22273,0
2273,22274,0
2274,22275,1
2275,22276,0
2276,22277,1
2277,22278,1
2278,22279,1
2279,22280,0
2280,22281,0
2281,22282,1
2282,22283,0
2283,22284,0
2284,22285,0
2285,22286,0
2286,22287,0
2287,22288,0
2288,22289,0
2289,22290,1
2290,22291,1
2291,22292,1
2292,22293,1
2293,22294,1
2294,22295,1
2295,22296,0
2296,22297,1
2297,22298,1
2298,22299,1
2299,22300,0
2300,22301,1
2301,22302,0
2302,22303,0
2303,22304,1
2304,22305,1
2305,22306,1
2306,22307,0
2307,22308,0
2308,22309,1
2309,22310,1
2310,22311,0
2311,22312,0
2312,22313,0
2313,22314,0
2314,22315,1
2315,22316,0
2316,22317,0
2317,22318,0
2318,22319,1
2319,22320,0
2320,22321,1
2321,22322,1
2322,22323,1
2323,22324,1
2324,22325,1
2325,22326,0
2326,22327,0
2327,22328,1
2328,22329,0
2329,22330,1
2330,22331,1
2331,22332,0
2332,22333,1
2333,22334,0
2334,22335,1
2335,22336,0
2336,22337,0
2337,22338,1
2338,22339,0
2339,22340,1
2340,22341,0
2341,22342,1
2342,22343,0
2343,22344,0
2344,22345,1
2345,22346,0
2346,22347,0
2347,22348,0
2348,22349,0
2349,22350,0
2350,22351,1
2351,22352,0
2352,22353,1
2353,22354,1
2354,22355,1
2355,22356,0
2356,22357,0
2357,22358,1
2358,22359,0
2359,22360,1
2360,22361,0
2361,22362,0
2362,22363,0
2363,22364,1
2364,22365,1
2365,22366,1
2366,22367,0
2367,22368,0
2368,22369,1
2369,22370,1
2370,22371,1
2371,22372,0
2372,22373,0
2373,22374,0
2374,22375,1
2375,22376,0
2376,22377,1
2377,22378,0
2378,22379,1
2379,22380,1
2380,22381,0
2381,22382,0
2382,22383,0
2383,22384,0
2384,22385,1
2385,22386,0
2386,22387,0
2387,22388,0
2388,22389,1
2389,22390,1
2390,22391,1
2391,22392,0
2392,22393,1
2393,22394,1
2394,22395,1
2395,22396,0
2396,22397,1
2397,22398,0
2398,22399,0
2399,22400,0
2400,22401,1
2401,22402,0
2402,22403,0
2403,22404,1
2404,22405,1
2405,22406,0
2406,22407,1
2407,22408,0
2408,22409,0
2409,22410,1
2410,22411,1
2411,22412,0
2412,22413,1
2413,22414,0
2414,22415,0
2415,22416,1
2416,22417,1
2417,22418,1
2418,22419,0
2419,22420,1
2420,22421,0
2421,22422,1
2422,22423,0
2423,22424,1
2424,22425,0
2425,22426,1
2426,22427,1
2427,22428,0
2428,22429,0
2429,22430,1
2430,22431,1
2431,22432,1
2432,22433,0
2433,22434,1
2434,22435,1
2435,22436,1
2436,22437,1
2437,22438,1
2438,22439,1
2439,22440,1
2440,22441,1
2441,22442,1
2442,22443,1
2443,22444,1
2444,22445,1
2445,22446,0
2446,22447,1
2447,22448,0
2448,22449,1
2449,22450,0
2450,22451,1
2451,22452,1
2452,22453,0
2453,22454,1
2454,22455,1
2455,22456,0
2456,22457,0
2457,22458,1
2458,22459,0
2459,22460,0
2460,22461,1
2461,22462,0
2462,22463,0
2463,22464,1
2464,22465,1
2465,22466,0
2466,22467,0
2467,22468,0
2468,22469,1
2469,22470,1
2470,22471,0
2471,22472,1
2472,22473,0
2473,22474,0
2474,22475,1
2475,22476,0
2476,22477,0
2477,22478,1
2478,22479,0
2479,22480,1
2480,22481,0
2481,22482,1
2482,22483,0
2483,22484,1
2484,22485,0
2485,22486,1
2486,22487,0
2487,22488,0
2488,22489,0
2489,22490,1
2490,22491,1
2491,22492,1
2492,22493,0
2493,22494,0
2494,22495,0
2495,22496,0
2496,22497,0
2497,22498,1
2498,22499,0
2499,22500,1
2500,22501,0
2501,22502,0
2502,22503,1
2503,22504,1
2504,22505,0
2505,22506,1
2506,22507,1
2507,22508,0
2508,22509,0
2509,22510,1
2510,22511,0
2511,22512,0
2512,22513,1
2513,22514,1
2514,22515,0
2515,22516,0
2516,22517,1
2517,22518,0
2518,22519,1
2519,22520,1
2520,22521,0
2521,22522,0
2522,22523,0
2523,22524,1
2524,22525,0
2525,22526,0
2526,22527,1
2527,22528,1
2528,22529,0
2529,22530,1
2530,22531,1
2531,22532,1
2532,22533,1
2533,22534,1
2534,22535,0
2535,22536,0
2536,22537,1
2537,22538,0
2538,22539,0
2539,22540,0
2540,22541,1
2541,22542,1
2542,22543,0
2543,22544,0
2544,22545,0
2545,22546,0
2546,22547,1
2547,22548,1
2548,22549,0
2549,22550,0
2550,22551,1
2551,22552,1
2552,22553,0
2553,22554,0
2554,22555,0
2555,22556,1
2556,22557,1
2557,22558,1
2558,22559,0
2559,22560,0
2560,22561,1
2561,22562,1
2562,22563,1
2563,22564,0
2564,22565,1
2565,22566,0
2566,22567,0
2567,22568,0
2568,22569,0
2569,22570,1
2570,22571,0
2571,22572,1
2572,22573,1
2573,22574,0
2574,22575,1
2575,22576,0
2576,22577,0
2577,22578,0
2578,22579,0
2579,22580,0
2580,22581,0
2581,22582,0
2582,22583,0
2583,22584,0
2584,22585,0
2585,22586,1
2586,22587,1
2587,22588,1
2588,22589,0
2589,22590,0
2590,22591,1
2591,22592,1
2592,22593,0
2593,22594,0
2594,22595,1
2595,22596,0
2596,22597,0
2597,22598,0
2598,22599,0
2599,22600,0
2600,22601,1
2601,22602,0
2602,22603,1
2603,22604,1
2604,22605,0
2605,22606,1
2606,22607,1
2607,22608,0
2608,22609,1
2609,22610,1
2610,22611,0
2611,22612,0
2612,22613,0
2613,22614,1
2614,22615,1
2615,22616,1
2616,22617,0
2617,22618,1
2618,22619,1
2619,22620,0
2620,22621,0
2621,22622,1
2622,22623,0
2623,22624,0
2624,22625,0
2625,22626,1
2626,22627,1
2627,22628,0
2628,22629,1
2629,22630,0
2630,22631,0
2631,22632,1
2632,22633,0
2633,22634,0
2634,22635,1
2635,22636,0
2636,22637,0
2637,22638,1
2638,22639,0
2639,22640,0
2640,22641,1
2641,22642,1
2642,22643,1
2643,22644,0
2644,22645,0
2645,22646,1
2646,22647,1
2647,22648,1
2648,22649,0
2649,22650,1
2650,22651,0
2651,22652,0
2652,22653,0
2653,22654,0
2654,22655,1
2655,22656,0
2656,22657,1
2657,22658,0
2658,22659,0
2659,22660,1
2660,22661,1
2661,22662,1
2662,22663,1
2663,22664,0
2664,22665,0
2665,22666,0
2666,22667,0
2667,22668,0
2668,22669,0
2669,22670,1
2670,22671,1
2671,22672,0
2672,22673,1
2673,22674,1
2674,22675,1
2675,22676,1
2676,22677,0
2677,22678,1
2678,22679,0
2679,22680,1
2680,22681,0
2681,22682,1
2682,22683,1
2683,22684,0
2684,22685,1
2685,22686,1
2686,22687,1
2687,22688,0
2688,22689,0
2689,22690,1
2690,22691,0
2691,22692,0
2692,22693,0
2693,22694,0
2694,22695,0
2695,22696,0
2696,22697,1
2697,22698,0
2698,22699,1
2699,22700,1
2700,22701,1
2701,22702,0
2702,22703,0
2703,22704,1
2704,22705,1
2705,22706,1
2706,22707,0
2707,22708,1
2708,22709,0
2709,22710,1
2710,22711,1
2711,22712,1
2712,22713,0
2713,22714,0
2714,22715,0
2715,22716,0
2716,22717,0
2717,22718,0
2718,22719,0
2719,22720,1
2720,22721,0
2721,22722,0
2722,22723,1
2723,22724,1
2724,22725,0
2725,22726,1
2726,22727,0
2727,22728,0
2728,22729,0
2729,22730,1
2730,22731,0
2731,22732,1
2732,22733,1
2733,22734,1
2734,22735,1
2735,22736,0
2736,22737,1
2737,22738,0
2738,22739,0
2739,22740,1
2740,22741,1
2741,22742,0
2742,22743,1
2743,22744,1
2744,22745,1
2745,22746,1
2746,22747,1
2747,22748,1
2748,22749,1
2749,22750,0
2750,22751,1
2751,22752,0
2752,22753,0
2753,22754,0
2754,22755,1
2755,22756,0
2756,22757,0
2757,22758,0
2758,22759,1
2759,22760,0
2760,22761,1
2761,22762,1
2762,22763,0
2763,22764,1
2764,22765,1
2765,22766,0
2766,22767,0
2767,22768,1
2768,22769,1
2769,22770,0
2770,22771,1
2771,22772,0
2772,22773,0
2773,22774,0
2774,22775,0
2775,22776,1
2776,22777,0
2777,22778,1
2778,22779,0
2779,22780,0
2780,22781,0
2781,22782,0
2782,22783,1
2783,22784,0
2784,22785,0
2785,22786,0
2786,22787,1
2787,22788,1
2788,22789,1
2789,22790,0
2790,22791,1
2791,22792,0
2792,22793,1
2793,22794,1
2794,22795,1
2795,22796,1
2796,22797,1
2797,22798,1
2798,22799,1
2799,22800,1
2800,22801,1
2801,22802,0
2802,22803,1
2803,22804,0
2804,22805,0
2805,22806,0
2806,22807,0
2807,22808,1
2808,22809,1
2809,22810,1
2810,22811,0
2811,22812,0
2812,22813,1
2813,22814,0
2814,22815,1
2815,22816,0
2816,22817,1
2817,22818,1
2818,22819,1
2819,22820,1
2820,22821,0
2821,22822,0
2822,22823,0
2823,22824,0
2824,22825,1
2825,22826,0
2826,22827,1
2827,22828,1
2828,22829,0
2829,22830,1
2830,22831,1
2831,22832,1
2832,22833,0
2833,22834,1
2834,22835,0
2835,22836,1
2836,22837,1
2837,22838,0
2838,22839,1
2839,22840,0
2840,22841,0
2841,22842,0
2842,22843,1
2843,22844,0
2844,22845,0
2845,22846,0
2846,22847,1
2847,22848,0
2848,22849,0
2849,22850,0
2850,22851,0
2851,22852,0
2852,22853,1
2853,22854,0
2854,22855,1
2855,22856,0
2856,22857,1
2857,22858,1
2858,22859,0
2859,22860,0
2860,22861,1
2861,22862,1
2862,22863,0
2863,22864,1
2864,22865,1
2865,22866,0
2866,22867,0
2867,22868,0
2868,22869,0
2869,22870,1
2870,22871,0
2871,22872,0
2872,22873,0
2873,22874,1
2874,22875,0
2875,22876,0
2876,22877,1
2877,22878,0
2878,22879,1
2879,22880,1
2880,22881,0
2881,22882,1
2882,22883,1
2883,22884,0
2884,22885,1
2885,22886,0
2886,22887,0
2887,22888,0
2888,22889,0
2889,22890,0
2890,22891,0
2891,22892,0
2892,22893,0
2893,22894,0
2894,22895,0
2895,22896,1
2896,22897,1
2897,22898,0
2898,22899,0
2899,22900,1
2900,22901,0
2901,22902,0
2902,22903,0
2903,22904,0
2904,22905,0
2905,22906,1
2906,22907,1
2907,22908,0
2908,22909,1
2909,22910,0
2910,22911,0
2911,22912,1
2912,22913,1
2913,22914,1
2914,22915,0
2915,22916,1
2916,22917,0
2917,22918,1
2918,22919,1
2919,22920,0
2920,22921,1
2921,22922,1
2922,22923,0
2923,22924,1
2924,22925,1
2925,22926,1
2926,22927,0
2927,22928,0
2928,22929,1
2929,22930,0
2930,22931,1
2931,22932,0
2932,22933,1
2933,22934,1
2934,22935,0
2935,22936,1
2936,22937,1
2937,22938,1
2938,22939,1
2939,22940,1
2940,22941,0
2941,22942,0
2942,22943,0
2943,22944,0
2944,22945,0
2945,22946,1
2946,22947,1
2947,22948,1
2948,22949,0
2949,22950,1
2950,22951,0
2951,22952,0
2952,22953,1
2953,22954,0
2954,22955,0
2955,22956,0
2956,22957,1
2957,22958,1
2958,22959,1
2959,22960,1
2960,22961,1
2961,22962,0
2962,22963,0
2963,22964,1
2964,22965,0
2965,22966,1
2966,22967,1
2967,22968,1
2968,22969,1
2969,22970,0
2970,22971,1
2971,22972,1
2972,22973,1
2973,22974,0
2974,22975,0
2975,22976,0
2976,22977,0
2977,22978,0
2978,22979,0
2979,22980,0
2980,22981,1
2981,22982,1
2982,22983,1
2983,22984,0
2984,22985,1
2985,22986,1
2986,22987,1
2987,22988,1
2988,22989,1
2989,22990,1
2990,22991,0
2991,22992,1
2992,22993,1
2993,22994,1
2994,22995,1
2995,22996,0
2996,22997,1
2997,22998,0
2998,22999,1
2999,23000,0
3000,23001,0
3001,23002,0
3002,23003,1
3003,23004,1
3004,23005,0
3005,23006,0
3006,23007,0
3007,23008,0
3008,23009,1
3009,23010,0
3010,23011,0
3011,23012,1
3012,23013,1
3013,23014,1
3014,23015,0
3015,23016,0
3016,23017,0
3017,23018,0
3018,23019,1
3019,23020,0
3020,23021,1
3021,23022,0
3022,23023,1
3023,23024,0
3024,23025,1
3025,23026,1
3026,23027,0
3027,23028,1
3028,23029,0
3029,23030,0
3030,23031,1
3031,23032,0
3032,23033,0
3033,23034,1
3034,23035,1
3035,23036,1
3036,23037,1
3037,23038,0
3038,23039,1
3039,23040,0
3040,23041,1
3041,23042,0
3042,23043,1
3043,23044,0
3044,23045,1
3045,23046,0
3046,23047,1
3047,23048,1
3048,23049,0
3049,23050,0
3050,23051,1
3051,23052,0
3052,23053,0
3053,23054,1
3054,23055,1
3055,23056,1
3056,23057,0
3057,23058,1
3058,23059,1
3059,23060,1
3060,23061,1
3061,23062,1
3062,23063,1
3063,23064,0
3064,23065,0
3065,23066,1
3066,23067,0
3067,23068,1
3068,23069,0
3069,23070,1
3070,23071,1
3071,23072,0
3072,23073,1
3073,23074,1
3074,23075,1
3075,23076,1
3076,23077,1
3077,23078,1
3078,23079,1
3079,23080,0
3080,23081,1
3081,23082,0
3082,23083,1
3083,23084,1
3084,23085,0
3085,23086,0
3086,23087,0
3087,23088,0
3088,23089,0
3089,23090,0
3090,23091,0
3091,23092,1
3092,23093,0
3093,23094,1
3094,23095,1
3095,23096,0
3096,23097,0
3097,23098,1
3098,23099,1
3099,23100,1
3100,23101,0
3101,23102,0
3102,23103,0
3103,23104,1
3104,23105,0
3105,23106,0
3106,23107,1
3107,23108,0
3108,23109,0
3109,23110,1
3110,23111,0
3111,23112,1
3112,23113,0
3113,23114,0
3114,23115,1
3115,23116,0
3116,23117,1
3117,23118,0
3118,23119,1
3119,23120,1
3120,23121,1
3121,23122,0
3122,23123,1
3123,23124,1
3124,23125,1
3125,23126,0
3126,23127,0
3127,23128,1
3128,23129,1
3129,23130,1
3130,23131,1
3131,23132,0
3132,23133,0
3133,23134,1
3134,23135,0
3135,23136,0
3136,23137,0
3137,23138,0
3138,23139,1
3139,23140,0
3140,23141,0
3141,23142,0
3142,23143,0
3143,23144,1
3144,23145,1
3145,23146,1
3146,23147,1
3147,23148,1
3148,23149,1
3149,23150,1
3150,23151,0
3151,23152,0
3152,23153,1
3153,23154,1
3154,23155,0
3155,23156,0
3156,23157,1
3157,23158,0
3158,23159,1
3159,23160,1
3160,23161,1
3161,23162,1
3162,23163,0
3163,23164,1
3164,23165,0
3165,23166,0
3166,23167,0
3167,23168,0
3168,23169,1
3169,23170,1
3170,23171,1
3171,23172,1
3172,23173,0
3173,23174,0
3174,23175,1
3175,23176,1
3176,23177,1
3177,23178,1
3178,23179,0
3179,23180,1
3180,23181,0
3181,23182,0
3182,23183,1
3183,23184,0
3184,23185,1
3185,23186,0
3186,23187,0
3187,23188,0
3188,23189,0
3189,23190,1
3190,23191,0
3191,23192,1
3192,23193,1
3193,23194,0
3194,23195,1
3195,23196,0
3196,23197,1
3197,23198,0
3198,23199,0
3199,23200,0
3200,23201,0
3201,23202,1
3202,23203,1
3203,23204,1
3204,23205,0
3205,23206,0
3206,23207,1
3207,23208,0
3208,23209,0
3209,23210,1
3210,23211,1
3211,23212,1
3212,23213,0
3213,23214,0
3214,23215,1
3215,23216,0
3216,23217,0
3217,23218,1
3218,23219,0
3219,23220,0
3220,23221,0
3221,23222,1
3222,23223,0
3223,23224,0
3224,23225,1
3225,23226,0
3226,23227,1
3227,23228,1
3228,23229,0
3229,23230,0
3230,23231,1
3231,23232,0
3232,23233,0
3233,23234,0
3234,23235,0
3235,23236,0
3236,23237,1
3237,23238,0
3238,23239,0
3239,23240,1
3240,23241,1
3241,23242,1
3242,23243,0
3243,23244,0
3244,23245,1
3245,23246,1
3246,23247,1
3247,23248,1
3248,23249,0
3249,23250,0
3250,23251,0
3251,23252,1
3252,23253,1
3253,23254,0
3254,23255,1
3255,23256,1
3256,23257,0
3257,23258,1
3258,23259,0
3259,23260,1
3260,23261,0
3261,23262,1
3262,23263,1
3263,23264,0
3264,23265,0
3265,23266,0
3266,23267,0
3267,23268,1
3268,23269,0
3269,23270,0
3270,23271,0
3271,23272,0
3272,23273,0
3273,23274,0
3274,23275,1
3275,23276,1
3276,23277,1
3277,23278,0
3278,23279,1
3279,23280,1
3280,23281,0
3281,23282,0
3282,23283,1
3283,23284,1
3284,23285,0
3285,23286,1
3286,23287,0
3287,23288,0
3288,23289,0
3289,23290,0
3290,23291,0
3291,23292,0
3292,23293,0
3293,23294,0
3294,23295,1
3295,23296,1
3296,23297,1
3297,23298,1
3298,23299,0
3299,23300,1
3300,23301,0
3301,23302,0
3302,23303,1
3303,23304,1
3304,23305,0
3305,23306,1
3306,23307,1
3307,23308,0
3308,23309,0
3309,23310,0
3310,23311,1
3311,23312,0
3312,23313,0
3313,23314,1
3314,23315,0
3315,23316,0
3316,23317,1
3317,23318,0
3318,23319,0
3319,23320,0
3320,23321,1
3321,23322,0
3322,23323,0
3323,23324,0
3324,23325,1
3325,23326,1
3326,23327,1
3327,23328,0
3328,23329,0
3329,23330,0
3330,23331,0
3331,23332,0
3332,23333,0
3333,23334,0
3334,23335,1
3335,23336,1
3336,23337,1
3337,23338,1
3338,23339,1
3339,23340,0
3340,23341,1
3341,23342,1
3342,23343,0
3343,23344,1
3344,23345,0
3345,23346,0
3346,23347,1
3347,23348,1
3348,23349,0
3349,23350,0
3350,23351,1
3351,23352,0
3352,23353,0
3353,23354,0
3354,23355,1
3355,23356,0
3356,23357,0
3357,23358,0
3358,23359,1
3359,23360,0
3360,23361,1
3361,23362,1
3362,23363,1
3363,23364,0
3364,23365,0
3365,23366,0
3366,23367,0
3367,23368,0
3368,23369,1
3369,23370,1
3370,23371,0
3371,23372,1
3372,23373,0
3373,23374,1
3374,23375,1
3375,23376,1
3376,23377,1
3377,23378,0
3378,23379,1
3379,23380,0
3380,23381,1
3381,23382,0
3382,23383,1
3383,23384,1
3384,23385,1
3385,23386,0
3386,23387,1
3387,23388,0
3388,23389,1
3389,23390,0
3390,23391,1
3391,23392,0
3392,23393,1
3393,23394,1
3394,23395,0
3395,23396,1
3396,23397,0
3397,23398,0
3398,23399,0
3399,23400,1
3400,23401,0
3401,23402,0
3402,23403,1
3403,23404,0
3404,23405,0
3405,23406,0
3406,23407,1
3407,23408,1
3408,23409,1
3409,23410,0
3410,23411,0
3411,23412,0
3412,23413,1
3413,23414,1
3414,23415,0
3415,23416,1
3416,23417,0
3417,23418,1
3418,23419,0
3419,23420,1
3420,23421,1
3421,23422,0
3422,23423,0
3423,23424,0
3424,23425,0
3425,23426,0
3426,23427,0
3427,23428,0
3428,23429,0
3429,23430,0
3430,23431,0
3431,23432,1
3432,23433,1
3433,23434,1
3434,23435,0
3435,23436,1
3436,23437,1
3437,23438,1
3438,23439,0
3439,23440,0
3440,23441,0
3441,23442,0
3442,23443,1
3443,23444,0
3444,23445,0
3445,23446,0
3446,23447,0
3447,23448,1
3448,23449,0
3449,23450,0
3450,23451,0
3451,23452,0
3452,23453,1
3453,23454,0
3454,23455,1
3455,23456,0
3456,23457,0
3457,23458,1
3458,23459,0
3459,23460,0
3460,23461,0
3461,23462,1
3462,23463,0
3463,23464,1
3464,23465,1
3465,23466,1
3466,23467,1
3467,23468,0
3468,23469,0
3469,23470,0
3470,23471,0
3471,23472,1
3472,23473,0
3473,23474,0
3474,23475,0
3475,23476,1
3476,23477,1
3477,23478,1
3478,23479,1
3479,23480,1
3480,23481,0
3481,23482,0
3482,23483,0
3483,23484,0
3484,23485,1
3485,23486,1
3486,23487,0
3487,23488,0
3488,23489,1
3489,23490,1
3490,23491,0
3491,23492,1
3492,23493,0
3493,23494,1
3494,23495,0
3495,23496,0
3496,23497,1
3497,23498,0
3498,23499,1
3499,23500,0
3500,23501,1
3501,23502,0
3502,23503,1
3503,23504,1
3504,23505,0
3505,23506,0
3506,23507,1
3507,23508,0
3508,23509,0
3509,23510,1
3510,23511,1
3511,23512,0
3512,23513,0
3513,23514,1
3514,23515,1
3515,23516,1
3516,23517,1
3517,23518,0
3518,23519,0
3519,23520,1
3520,23521,1
3521,23522,0
3522,23523,0
3523,23524,1
3524,23525,1
3525,23526,1
3526,23527,1
3527,23528,1
3528,23529,1
3529,23530,1
3530,23531,0
3531,23532,0
3532,23533,1
3533,23534,0
3534,23535,1
3535,23536,1
3536,23537,0
3537,23538,0
3538,23539,1
3539,23540,0
3540,23541,0
3541,23542,0
3542,23543,0
3543,23544,0
3544,23545,1
3545,23546,1
3546,23547,1
3547,23548,1
3548,23549,1
3549,23550,0
3550,23551,1
3551,23552,0
3552,23553,1
3553,23554,1
3554,23555,1
3555,23556,1
3556,23557,1
3557,23558,0
3558,23559,0
3559,23560,0
3560,23561,1
3561,23562,1
3562,23563,1
3563,23564,1
3564,23565,0
3565,23566,1
3566,23567,0
3567,23568,0
3568,23569,1
3569,23570,0
3570,23571,0
3571,23572,0
3572,23573,1
3573,23574,0
3574,23575,1
3575,23576,1
3576,23577,0
3577,23578,0
3578,23579,1
3579,23580,0
3580,23581,0
3581,23582,0
3582,23583,0
3583,23584,0
3584,23585,0
3585,23586,1
3586,23587,1
3587,23588,0
3588,23589,1
3589,23590,0
3590,23591,0
3591,23592,1
3592,23593,0
3593,23594,1
3594,23595,1
3595,23596,1
3596,23597,1
3597,23598,1
3598,23599,0
3599,23600,1
3600,23601,0
3601,23602,1
3602,23603,1
3603,23604,1
3604,23605,0
3605,23606,0
3606,23607,1
3607,23608,0
3608,23609,0
3609,23610,1
3610,23611,1
3611,23612,1
3612,23613,1
3613,23614,0
3614,23615,0
3615,23616,0
3616,23617,0
3617,23618,0
3618,23619,0
3619,23620,1
3620,23621,0
3621,23622,1
3622,23623,0
3623,23624,0
3624,23625,1
3625,23626,0
3626,23627,1
3627,23628,0
3628,23629,1
3629,23630,0
3630,23631,0
3631,23632,0
3632,23633,1
3633,23634,0
3634,23635,1
3635,23636,1
3636,23637,0
3637,23638,1
3638,23639,1
3639,23640,0
3640,23641,0
3641,23642,0
3642,23643,1
3643,23644,1
3644,23645,0
3645,23646,1
3646,23647,0
3647,23648,1
3648,23649,0
3649,23650,0
3650,23651,1
3651,23652,1
3652,23653,1
3653,23654,1
3654,23655,1
3655,23656,1
3656,23657,0
3657,23658,0
3658,23659,1
3659,23660,0
3660,23661,0
3661,23662,1
3662,23663,0
3663,23664,1
3664,23665,0
3665,23666,1
3666,23667,0
3667,23668,1
3668,23669,0
3669,23670,0
3670,23671,0
3671,23672,0
3672,23673,0
3673,23674,0
3674,23675,1
3675,23676,1
3676,23677,1
3677,23678,1
3678,23679,1
3679,23680,1
3680,23681,1
3681,23682,0
3682,23683,0
3683,23684,0
3684,23685,1
3685,23686,1
3686,23687,0
3687,23688,0
3688,23689,0
3689,23690,0
3690,23691,0
3691,23692,1
3692,23693,1
3693,23694,1
3694,23695,0
3695,23696,1
3696,23697,0
3697,23698,0
3698,23699,0
3699,23700,0
3700,23701,1
3701,23702,1
3702,23703,1
3703,23704,1
3704,23705,1
3705,23706,0
3706,23707,1
3707,23708,1
3708,23709,0
3709,23710,0
3710,23711,0
3711,23712,0
3712,23713,0
3713,23714,1
3714,23715,0
3715,23716,0
3716,23717,0
3717,23718,1
3718,23719,1
3719,23720,1
3720,23721,0
3721,23722,1
3722,23723,1
3723,23724,0
3724,23725,0
3725,23726,0
3726,23727,1
3727,23728,0
3728,23729,1
3729,23730,1
3730,23731,0
3731,23732,0
3732,23733,0
3733,23734,0
3734,23735,1
3735,23736,1
3736,23737,0
3737,23738,1
3738,23739,0
3739,23740,1
3740,23741,1
3741,23742,1
3742,23743,0
3743,23744,0
3744,23745,1
3745,23746,1
3746,23747,0
3747,23748,1
3748,23749,1
3749,23750,1
3750,23751,1
3751,23752,1
3752,23753,0
3753,23754,0
3754,23755,1
3755,23756,0
3756,23757,1
3757,23758,0
3758,23759,1
3759,23760,0
3760,23761,0
3761,23762,1
3762,23763,0
3763,23764,1
3764,23765,1
3765,23766,0
3766,23767,1
3767,23768,0
3768,23769,0
3769,23770,1
3770,23771,0
3771,23772,1
3772,23773,0
3773,23774,1
3774,23775,0
3775,23776,1
3776,23777,1
3777,23778,1
3778,23779,1
3779,23780,1
3780,23781,1
3781,23782,0
3782,23783,0
3783,23784,1
3784,23785,1
3785,23786,1
3786,23787,1
3787,23788,1
3788,23789,0
3789,23790,0
3790,23791,0
3791,23792,1
3792,23793,1
3793,23794,0
3794,23795,1
3795,23796,0
3796,23797,0
3797,23798,1
3798,23799,1
3799,23800,0
3800,23801,1
3801,23802,1
3802,23803,1
3803,23804,1
3804,23805,1
3805,23806,1
3806,23807,1
3807,23808,1
3808,23809,0
3809,23810,0
3810,23811,0
3811,23812,0
3812,23813,0
3813,23814,0
3814,23815,0
3815,23816,0
3816,23817,0
3817,23818,0
3818,23819,1
3819,23820,0
3820,23821,1
3821,23822,1
3822,23823,0
3823,23824,0
3824,23825,1
3825,23826,1
3826,23827,0
3827,23828,1
3828,23829,1
3829,23830,0
3830,23831,0
3831,23832,0
3832,23833,0
3833,23834,1
3834,23835,1
3835,23836,0
3836,23837,1
3837,23838,1
3838,23839,1
3839,23840,0
3840,23841,1
3841,23842,1
3842,23843,1
3843,23844,0
3844,23845,1
3845,23846,0
3846,23847,1
3847,23848,1
3848,23849,1
3849,23850,1
3850,23851,1
3851,23852,1
3852,23853,1
3853,23854,1
3854,23855,0
3855,23856,1
3856,23857,1
3857,23858,0
3858,23859,0
3859,23860,1
3860,23861,0
3861,23862,0
3862,23863,1
3863,23864,1
3864,23865,1
3865,23866,0
3866,23867,0
3867,23868,1
3868,23869,1
3869,23870,1
3870,23871,0
3871,23872,0
3872,23873,0
3873,23874,1
3874,23875,1
3875,23876,1
3876,23877,1
3877,23878,1
3878,23879,1
3879,23880,0
3880,23881,0
3881,23882,1
3882,23883,0
3883,23884,0
3884,23885,0
3885,23886,1
3886,23887,1
3887,23888,0
3888,23889,0
3889,23890,1
3890,23891,1
3891,23892,0
3892,23893,0
3893,23894,1
3894,23895,0
3895,23896,0
3896,23897,0
3897,23898,0
3898,23899,1
3899,23900,0
3900,23901,0
3901,23902,1
3902,23903,1
3903,23904,0
3904,23905,0
3905,23906,1
3906,23907,0
3907,23908,1
3908,23909,1
3909,23910,0
3910,23911,1
3911,23912,1
3912,23913,0
3913,23914,0
3914,23915,0
3915,23916,0
3916,23917,0
3917,23918,0
3918,23919,1
3919,23920,0
3920,23921,1
3921,23922,0
3922,23923,1
3923,23924,1
3924,23925,0
3925,23926,0
3926,23927,1
3927,23928,1
3928,23929,0
3929,23930,1
3930,23931,0
3931,23932,1
3932,23933,0
3933,23934,0
3934,23935,1
3935,23936,0
3936,23937,0
3937,23938,0
3938,23939,0
3939,23940,1
3940,23941,1
3941,23942,1
3942,23943,1
3943,23944,1
3944,23945,1
3945,23946,1
3946,23947,0
3947,23948,0
3948,23949,0
3949,23950,0
3950,23951,0
3951,23952,0
3952,23953,0
3953,23954,0
3954,23955,0
3955,23956,1
3956,23957,0
3957,23958,1
3958,23959,0
3959,23960,0
3960,23961,0
3961,23962,0
3962,23963,0
3963,23964,0
3964,23965,1
3965,23966,0
3966,23967,0
3967,23968,1
3968,23969,0
3969,23970,0
3970,23971,0
3971,23972,0
3972,23973,0
3973,23974,1
3974,23975,0
3975,23976,0
3976,23977,0
3977,23978,0
3978,23979,0
3979,23980,0
3980,23981,0
3981,23982,0
3982,23983,1
3983,23984,0
3984,23985,1
3985,23986,0
3986,23987,0
3987,23988,1
3988,23989,0
3989,23990,0
3990,23991,0
3991,23992,1
3992,23993,1
3993,23994,1
3994,23995,0
3995,23996,1
3996,23997,1
3997,23998,1
3998,23999,0
3999,24000,0
4000,24001,0
4001,24002,1
4002,24003,0
4003,24004,1
4004,24005,0
4005,24006,1
4006,24007,0
4007,24008,0
4008,24009,0
4009,24010,1
4010,24011,0
4011,24012,1
4012,24013,1
4013,24014,0
4014,24015,1
4015,24016,1
4016,24017,0
4017,24018,1
4018,24019,0
4019,24020,1
4020,24021,0
4021,24022,1
4022,24023,0
4023,24024,1
4024,24025,0
4025,24026,0
4026,24027,1
4027,24028,1
4028,24029,1
4029,24030,1
4030,24031,0
4031,24032,1
4032,24033,0
4033,24034,0
4034,24035,1
4035,24036,1
4036,24037,1
4037,24038,0
4038,24039,0
4039,24040,1
4040,24041,0
4041,24042,1
4042,24043,0
4043,24044,0
4044,24045,0
4045,24046,0
4046,24047,0
4047,24048,0
4048,24049,0
4049,24050,0
4050,24051,1
4051,24052,0
4052,24053,1
4053,24054,0
4054,24055,0
4055,24056,0
4056,24057,0
4057,24058,0
4058,24059,0
4059,24060,1
4060,24061,0
4061,24062,1
4062,24063,0
4063,24064,0
4064,24065,1
4065,24066,1
4066,24067,1
4067,24068,0
4068,24069,0
4069,24070,0
4070,24071,0
4071,24072,1
4072,24073,1
4073,24074,0
4074,24075,0
4075,24076,0
4076,24077,1
4077,24078,1
4078,24079,1
4079,24080,0
4080,24081,0
4081,24082,0
4082,24083,0
4083,24084,0
4084,24085,0
4085,24086,0
4086,24087,0
4087,24088,1
4088,24089,1
4089,24090,1
4090,24091,1
4091,24092,1
4092,24093,0
4093,24094,1
4094,24095,1
4095,24096,1
4096,24097,1
4097,24098,0
4098,24099,1
4099,24100,1
4100,24101,0
4101,24102,1
4102,24103,0
4103,24104,1
4104,24105,0
4105,24106,1
4106,24107,0
4107,24108,0
4108,24109,1
4109,24110,1
4110,24111,0
4111,24112,1
4112,24113,0
4113,24114,1
4114,24115,0
4115,24116,0
4116,24117,1
4117,24118,0
4118,24119,1
4119,24120,1
4120,24121,0
4121,24122,0
4122,24123,0
4123,24124,1
4124,24125,1
4125,24126,1
4126,24127,1
4127,24128,1
4128,24129,0
4129,24130,0
4130,24131,1
4131,24132,1
4132,24133,1
4133,24134,0
4134,24135,1
4135,24136,0
4136,24137,0
4137,24138,0
4138,24139,0
4139,24140,1
4140,24141,1
4141,24142,1
4142,24143,1
4143,24144,1
4144,24145,1
4145,24146,0
4146,24147,1
4147,24148,0
4148,24149,0
4149,24150,1
4150,24151,1
4151,24152,1
4152,24153,1
4153,24154,1
4154,24155,1
4155,24156,0
4156,24157,0
4157,24158,0
4158,24159,1
4159,24160,0
4160,24161,0
4161,24162,0
4162,24163,1
4163,24164,0
4164,24165,0
4165,24166,1
4166,24167,0
4167,24168,1
4168,24169,1
4169,24170,0
4170,24171,1
4171,24172,1
4172,24173,0
4173,24174,1
4174,24175,0
4175,24176,0
4176,24177,1
4177,24178,1
4178,24179,0
4179,24180,1
4180,24181,0
4181,24182,1
4182,24183,0
4183,24184,0
4184,24185,0
4185,24186,0
4186,24187,0
4187,24188,0
4188,24189,1
4189,24190,0
4190,24191,0
4191,24192,0
4192,24193,0
4193,24194,1
4194,24195,1
4195,24196,0
4196,24197,1
4197,24198,1
4198,24199,0
4199,24200,0
4200,24201,1
4201,24202,0
4202,24203,0
4203,24204,1
4204,24205,1
4205,24206,1
4206,24207,0
4207,24208,0
4208,24209,0
4209,24210,1
4210,24211,1
4211,24212,0
4212,24213,0
4213,24214,0
4214,24215,1
4215,24216,0
4216,24217,0
4217,24218,1
4218,24219,0
4219,24220,0
4220,24221,0
4221,24222,1
4222,24223,0
4223,24224,0
4224,24225,0
4225,24226,0
4226,24227,0
4227,24228,1
4228,24229,0
4229,24230,0
4230,24231,0
4231,24232,0
4232,24233,0
4233,24234,0
4234,24235,1
4235,24236,0
4236,24237,0
4237,24238,0
4238,24239,0
4239,24240,1
4240,24241,1
4241,24242,0
4242,24243,0
4243,24244,1
4244,24245,1
4245,24246,1
4246,24247,0
4247,24248,0
4248,24249,1
4249,24250,1
4250,24251,1
4251,24252,1
4252,24253,0
4253,24254,0
4254,24255,1
4255,24256,0
4256,24257,0
4257,24258,0
4258,24259,1
4259,24260,1
4260,24261,0
4261,24262,1
4262,24263,1
4263,24264,1
4264,24265,1
4265,24266,0
4266,24267,1
4267,24268,0
4268,24269,1
4269,24270,1
4270,24271,0
4271,24272,0
4272,24273,1
4273,24274,1
4274,24275,0
4275,24276,0
4276,24277,1
4277,24278,1
4278,24279,1
4279,24280,1
4280,24281,1
4281,24282,0
4282,24283,0
4283,24284,1
4284,24285,1
4285,24286,0
4286,24287,0
4287,24288,1
4288,24289,0
4289,24290,0
4290,24291,0
4291,24292,1
4292,24293,1
4293,24294,0
4294,24295,1
4295,24296,1
4296,24297,0
4297,24298,0
4298,24299,1
4299,24300,0
4300,24301,1
4301,24302,1
4302,24303,1
4303,24304,1
4304,24305,0
4305,24306,0
4306,24307,0
4307,24308,1
4308,24309,1
4309,24310,0
4310,24311,1
4311,24312,1
4312,24313,1
4313,24314,1
4314,24315,0
4315,24316,0
4316,24317,1
4317,24318,1
4318,24319,1
4319,24320,1
4320,24321,0
4321,24322,1
4322,24323,1
4323,24324,0
4324,24325,0
4325,24326,1
4326,24327,1
4327,24328,0
4328,24329,0
4329,24330,0
4330,24331,0
4331,24332,0
4332,24333,0
4333,24334,0
4334,24335,1
4335,24336,1
4336,24337,1
4337,24338,0
4338,24339,0
4339,24340,0
4340,24341,0
4341,24342,0
4342,24343,0
4343,24344,1
4344,24345,0
4345,24346,1
4346,24347,0
4347,24348,0
4348,24349,1
4349,24350,1
4350,24351,1
4351,24352,0
4352,24353,0
4353,24354,1
4354,24355,0
4355,24356,0
4356,24357,0
4357,24358,1
4358,24359,1
4359,24360,1
4360,24361,0
4361,24362,0
4362,24363,1
4363,24364,1
4364,24365,0
4365,24366,0
4366,24367,1
4367,24368,1
4368,24369,1
4369,24370,0
4370,24371,0
4371,24372,0
4372,24373,0
4373,24374,1
4374,24375,0
4375,24376,0
4376,24377,1
4377,24378,1
4378,24379,0
4379,24380,1
4380,24381,0
4381,24382,1
4382,24383,0
4383,24384,1
4384,24385,1
4385,24386,1
4386,24387,0
4387,24388,0
4388,24389,1
4389,24390,0
4390,24391,1
4391,24392,0
4392,24393,0
4393,24394,1
4394,24395,1
4395,24396,0
4396,24397,0
4397,24398,0
4398,24399,0
4399,24400,0
4400,24401,1
4401,24402,1
4402,24403,0
4403,24404,0
4404,24405,0
4405,24406,1
4406,24407,1
4407,24408,1
4408,24409,0
4409,24410,1
4410,24411,0
4411,24412,0
4412,24413,1
4413,24414,1
4414,24415,1
4415,24416,0
4416,24417,1
4417,24418,1
4418,24419,0
4419,24420,1
4420,24421,0
4421,24422,1
4422,24423,1
4423,24424,1
4424,24425,0
4425,24426,0
4426,24427,0
4427,24428,1
4428,24429,1
4429,24430,1
4430,24431,0
4431,24432,1
4432,24433,1
4433,24434,0
4434,24435,1
4435,24436,1
4436,24437,1
4437,24438,1
4438,24439,1
4439,24440,0
4440,24441,0
4441,24442,1
4442,24443,0
4443,24444,0
4444,24445,0
4445,24446,0
4446,24447,1
4447,24448,1
4448,24449,1
4449,24450,1
4450,24451,0
4451,24452,0
4452,24453,0
4453,24454,1
4454,24455,0
4455,24456,0
4456,24457,1
4457,24458,0
4458,24459,1
4459,24460,0
4460,24461,0
4461,24462,1
4462,24463,1
4463,24464,1
4464,24465,1
4465,24466,0
4466,24467,1
4467,24468,1
4468,24469,1
4469,24470,1
4470,24471,1
4471,24472,1
4472,24473,1
4473,24474,1
4474,24475,1
4475,24476,0
4476,24477,0
4477,24478,0
4478,24479,0
4479,24480,1
4480,24481,0
4481,24482,0
4482,24483,0
4483,24484,0
4484,24485,1
4485,24486,0
4486,24487,0
4487,24488,1
4488,24489,1
4489,24490,1
4490,24491,1
4491,24492,1
4492,24493,1
4493,24494,0
4494,24495,1
4495,24496,0
4496,24497,1
4497,24498,0
4498,24499,0
4499,24500,1
4500,24501,1
4501,24502,1
4502,24503,1
4503,24504,0
4504,24505,1
4505,24506,0
4506,24507,0
4507,24508,0
4508,24509,0
4509,24510,0
4510,24511,0
4511,24512,0
4512,24513,1
4513,24514,1
4514,24515,1
4515,24516,1
4516,24517,0
4517,24518,0
4518,24519,1
4519,24520,0
4520,24521,1
4521,24522,0
4522,24523,1
4523,24524,1
4524,24525,1
4525,24526,0
4526,24527,1
4527,24528,1
4528,24529,1
4529,24530,1
4530,24531,0
4531,24532,1
4532,24533,1
4533,24534,1
4534,24535,0
4535,24536,0
4536,24537,1
4537,24538,0
4538,24539,0
4539,24540,0
4540,24541,1
4541,24542,1
4542,24543,1
4543,24544,0
4544,24545,0
4545,24546,0
4546,24547,0
4547,24548,1
4548,24549,0
4549,24550,1
4550,24551,0
4551,24552,0
4552,24553,1
4553,24554,1
4554,24555,0
4555,24556,0
4556,24557,1
4557,24558,1
4558,24559,1
4559,24560,0
4560,24561,0
4561,24562,0
4562,24563,1
4563,24564,1
4564,24565,0
4565,24566,1
4566,24567,1
4567,24568,0
4568,24569,1
4569,24570,1
4570,24571,0
4571,24572,0
4572,24573,0
4573,24574,1
4574,24575,0
4575,24576,1
4576,24577,0
4577,24578,0
4578,24579,0
4579,24580,0
4580,24581,0
4581,24582,1
4582,24583,1
4583,24584,0
4584,24585,1
4585,24586,0
4586,24587,0
4587,24588,0
4588,24589,1
4589,24590,1
4590,24591,0
4591,24592,1
4592,24593,0
4593,24594,0
4594,24595,0
4595,24596,1
4596,24597,0
4597,24598,1
4598,24599,1
4599,24600,1
4600,24601,0
4601,24602,1
4602,24603,1
4603,24604,0
4604,24605,0
4605,24606,0
4606,24607,0
4607,24608,0
4608,24609,0
4609,24610,0
4610,24611,1
4611,24612,1
4612,24613,1
4613,24614,0
4614,24615,1
4615,24616,1
4616,24617,1
4617,24618,0
4618,24619,0
4619,24620,1
4620,24621,1
4621,24622,1
4622,24623,1
4623,24624,1
4624,24625,0
4625,24626,0
4626,24627,0
4627,24628,0
4628,24629,0
4629,24630,0
4630,24631,1
4631,24632,1
4632,24633,1
4633,24634,1
4634,24635,0
4635,24636,1
4636,24637,0
4637,24638,1
4638,24639,0
4639,24640,0
4640,24641,1
4641,24642,0
4642,24643,1
4643,24644,0
4644,24645,0
4645,24646,1
4646,24647,1
4647,24648,1
4648,24649,0
4649,24650,0
4650,24651,0
4651,24652,0
4652,24653,1
4653,24654,0
4654,24655,1
4655,24656,1
4656,24657,1
4657,24658,0
4658,24659,0
4659,24660,1
4660,24661,0
4661,24662,0
4662,24663,1
4663,24664,0
4664,24665,0
4665,24666,0
4666,24667,0
4667,24668,0
4668,24669,0
4669,24670,0
4670,24671,0
4671,24672,0
4672,24673,1
4673,24674,0
4674,24675,0
4675,24676,1
4676,24677,0
4677,24678,1
4678,24679,1
4679,24680,0
4680,24681,1
4681,24682,1
4682,24683,0
4683,24684,0
4684,24685,0
4685,24686,0
4686,24687,0
4687,24688,0
4688,24689,1
4689,24690,1
4690,24691,1
4691,24692,0
4692,24693,1
4693,24694,1
4694,24695,1
4695,24696,0
4696,24697,0
4697,24698,1
4698,24699,1
4699,24700,1
4700,24701,1
4701,24702,0
4702,24703,0
4703,24704,1
4704,24705,1
4705,24706,0
4706,24707,1
4707,24708,1
4708,24709,1
4709,24710,1
4710,24711,0
4711,24712,1
4712,24713,0
4713,24714,1
4714,24715,0
4715,24716,0
4716,24717,1
4717,24718,0
4718,24719,0
4719,24720,1
4720,24721,1
4721,24722,0
4722,24723,0
4723,24724,0
4724,24725,0
4725,24726,1
4726,24727,0
4727,24728,1
4728,24729,0
4729,24730,0
4730,24731,0
4731,24732,0
4732,24733,1
4733,24734,1
4734,24735,0
4735,24736,0
4736,24737,1
4737,24738,1
4738,24739,0
4739,24740,1
4740,24741,1
4741,24742,1
4742,24743,1
4743,24744,1
4744,24745,1
4745,24746,1
4746,24747,0
4747,24748,0
4748,24749,0
4749,24750,0
4750,24751,0
4751,24752,1
4752,24753,0
4753,24754,0
4754,24755,1
4755,24756,1
4756,24757,0
4757,24758,1
4758,24759,1
4759,24760,0
4760,24761,1
4761,24762,0
4762,24763,0
4763,24764,0
4764,24765,0
4765,24766,0
4766,24767,1
4767,24768,1
4768,24769,0
4769,24770,1
4770,24771,1
4771,24772,1
4772,24773,1
4773,24774,1
4774,24775,0
4775,24776,1
4776,24777,0
4777,24778,0
4778,24779,1
4779,24780,0
4780,24781,0
4781,24782,0
4782,24783,1
4783,24784,1
4784,24785,1
4785,24786,1
4786,24787,1
4787,24788,1
4788,24789,0
4789,24790,0
4790,24791,0
4791,24792,0
4792,24793,0
4793,24794,0
4794,24795,0
4795,24796,0
4796,24797,0
4797,24798,1
4798,24799,0
4799,24800,0
4800,24801,1
4801,24802,1
4802,24803,1
4803,24804,0
4804,24805,0
4805,24806,1
4806,24807,0
4807,24808,1
4808,24809,1
4809,24810,1
4810,24811,1
4811,24812,0
4812,24813,0
4813,24814,0
4814,24815,0
4815,24816,1
4816,24817,0
4817,24818,1
4818,24819,0
4819,24820,1
4820,24821,1
4821,24822,1
4822,24823,0
4823,24824,0
4824,24825,1
4825,24826,0
4826,24827,0
4827,24828,0
4828,24829,1
4829,24830,0
4830,24831,1
4831,24832,0
4832,24833,1
4833,24834,0
4834,24835,0
4835,24836,1
4836,24837,1
4837,24838,1
4838,24839,0
4839,24840,0
4840,24841,1
4841,24842,0
4842,24843,0
4843,24844,0
4844,24845,1
4845,24846,1
4846,24847,1
4847,24848,0
4848,24849,1
4849,24850,1
4850,24851,1
4851,24852,0
4852,24853,1
4853,24854,1
4854,24855,1
4855,24856,0
4856,24857,1
4857,24858,1
4858,24859,0
4859,24860,1
4860,24861,1
4861,24862,1
4862,24863,0
4863,24864,1
4864,24865,1
4865,24866,1
4866,24867,0
4867,24868,1
4868,24869,0
4869,24870,0
4870,24871,1
4871,24872,0
4872,24873,0
4873,24874,1
4874,24875,0
4875,24876,0
4876,24877,1
4877,24878,1
4878,24879,1
4879,24880,0
4880,24881,1
4881,24882,0
4882,24883,1
4883,24884,0
4884,24885,1
4885,24886,1
4886,24887,0
4887,24888,0
4888,24889,0
4889,24890,1
4890,24891,1
4891,24892,1
4892,24893,0
4893,24894,1
4894,24895,0
4895,24896,0
4896,24897,0
4897,24898,0
4898,24899,0
4899,24900,0
4900,24901,1
4901,24902,0
4902,24903,1
4903,24904,1
4904,24905,1
4905,24906,1
4906,24907,1
4907,24908,1
4908,24909,1
4909,24910,0
4910,24911,1
4911,24912,0
4912,24913,0
4913,24914,1
4914,24915,1
4915,24916,0
4916,24917,0
4917,24918,0
4918,24919,0
4919,24920,0
4920,24921,1
4921,24922,1
4922,24923,0
4923,24924,1
4924,24925,1
4925,24926,0
4926,24927,1
4927,24928,1
4928,24929,0
4929,24930,0
4930,24931,0
4931,24932,0
4932,24933,0
4933,24934,1
4934,24935,1
4935,24936,0
4936,24937,1
4937,24938,1
4938,24939,0
4939,24940,0
4940,24941,1
4941,24942,0
4942,24943,1
4943,24944,0
4944,24945,0
4945,24946,0
4946,24947,1
4947,24948,0
4948,24949,1
4949,24950,1
4950,24951,0
4951,24952,1
4952,24953,1
4953,24954,1
4954,24955,1
4955,24956,0
4956,24957,0
4957,24958,0
4958,24959,1
4959,24960,1
4960,24961,0
4961,24962,0
4962,24963,1
4963,24964,1
4964,24965,0
4965,24966,0
4966,24967,0
4967,24968,1
4968,24969,0
4969,24970,0
4970,24971,0
4971,24972,0
4972,24973,1
4973,24974,0
4974,24975,1
4975,24976,1
4976,24977,1
4977,24978,1
4978,24979,1
4979,24980,0
4980,24981,0
4981,24982,1
4982,24983,0
4983,24984,1
4984,24985,0
4985,24986,0
4986,24987,0
4987,24988,0
4988,24989,1
4989,24990,1
4990,24991,0
4991,24992,0
4992,24993,1
4993,24994,1
4994,24995,1
4995,24996,1
4996,24997,1
4997,24998,0
4998,24999,0
4999,25000,0
